{"cameraMode":{"drawMode":0,"name":"Shaded","section":"Shading Mode"},"sceneLighting":true,"audioPlay":false,"sceneViewState":{"showFog":true,"showMaterialUpdate":false,"showSkybox":true,"showFlares":true,"showImageEffects":true,"showParticleSystems":true},"in2DMode":false,"pivot":{"x":-1331.6551513671875,"y":-357.43048095703127,"z":-1691.10107421875},"rotation":{"x":-0.09489411860704422,"y":0.9039843678474426,"z":-0.27015113830566409,"w":-0.31753087043762209},"size":79.7330322265625,"orthographic":true}